{"theta0": 8487.300139050943, "theta1": -0.021327266082570687}