{"theta0": 8432.08080824438, "theta1": -0.0199565044591455}