{"theta0": 4.0218638678039845e+35, "theta1": 5.122865857268078e+40}