{"theta0": 8206.811327605647, "theta1": -0.018551969567212726}